PassengerID,Name,Age,Gender,Nationality
1,Passenger 1,30,Male,France
2,Passenger 2,58,Female,France
3,Passenger 3,50,Female,Australia
4,Passenger 4,55,Male,UK
5,Passenger 5,62,Male,UK
6,Passenger 6,34,Female,Japan
7,Passenger 7,26,Male,UK
8,Passenger 8,52,Male,UAE
9,Passenger 9,69,Male,Japan
10,Passenger 10,49,Female,Japan
11,Passenger 11,43,Female,USA
12,Passenger 12,36,Female,France
13,Passenger 13,41,Female,USA
14,Passenger 14,61,Male,USA
15,Passenger 15,21,Male,Germany
16,Passenger 16,50,Male,UAE
17,Passenger 17,48,Male,Germany
18,Passenger 18,22,Male,USA
19,Passenger 19,37,Male,USA
20,Passenger 20,55,Female,Australia
21,Passenger 21,65,Male,Australia
22,Passenger 22,39,Male,UK
23,Passenger 23,48,Male,UK
24,Passenger 24,67,Female,UAE
25,Passenger 25,31,Male,France
26,Passenger 26,76,Male,Germany
27,Passenger 27,37,Female,Australia
28,Passenger 28,77,Male,Japan
29,Passenger 29,35,Female,Japan
30,Passenger 30,68,Male,UAE
31,Passenger 31,58,Female,UAE
32,Passenger 32,71,Female,UAE
33,Passenger 33,77,Male,Australia
34,Passenger 34,40,Female,Germany
35,Passenger 35,64,Female,UAE
36,Passenger 36,67,Female,Japan
37,Passenger 37,38,Female,USA
38,Passenger 38,38,Male,UK
39,Passenger 39,58,Female,Germany
40,Passenger 40,61,Male,UAE
41,Passenger 41,50,Female,Japan
42,Passenger 42,47,Female,Australia
43,Passenger 43,72,Female,UAE
44,Passenger 44,36,Male,Japan
45,Passenger 45,76,Female,Australia
46,Passenger 46,55,Female,Germany
47,Passenger 47,73,Female,UAE
48,Passenger 48,57,Male,Germany
49,Passenger 49,76,Male,UK
50,Passenger 50,26,Male,Germany
51,Passenger 51,52,Female,Australia
52,Passenger 52,72,Male,UAE
53,Passenger 53,43,Male,UAE
54,Passenger 54,55,Female,Australia
55,Passenger 55,30,Female,UAE
56,Passenger 56,32,Male,France
57,Passenger 57,65,Male,Germany
58,Passenger 58,41,Female,Japan
59,Passenger 59,67,Male,France
60,Passenger 60,74,Male,Germany
61,Passenger 61,43,Male,Germany
62,Passenger 62,69,Female,UK
63,Passenger 63,73,Female,UK
64,Passenger 64,62,Male,Japan
65,Passenger 65,68,Female,USA
66,Passenger 66,63,Male,Germany
67,Passenger 67,62,Male,Australia
68,Passenger 68,20,Female,Japan
69,Passenger 69,33,Male,France
70,Passenger 70,71,Male,USA
71,Passenger 71,78,Female,Germany
72,Passenger 72,70,Male,France
73,Passenger 73,18,Male,Germany
74,Passenger 74,74,Male,Australia
75,Passenger 75,65,Male,UAE
76,Passenger 76,80,Male,Australia
77,Passenger 77,40,Male,USA
78,Passenger 78,42,Male,UK
79,Passenger 79,29,Female,France
80,Passenger 80,75,Male,Australia
81,Passenger 81,77,Male,Australia
82,Passenger 82,41,Female,Australia
83,Passenger 83,57,Female,Australia
84,Passenger 84,68,Female,Japan
85,Passenger 85,71,Male,Japan
86,Passenger 86,44,Male,UAE
87,Passenger 87,43,Female,Germany
88,Passenger 88,33,Female,USA
89,Passenger 89,79,Male,Japan
90,Passenger 90,44,Male,USA
91,Passenger 91,43,Female,France
92,Passenger 92,19,Male,Japan
93,Passenger 93,29,Female,USA
94,Passenger 94,23,Female,UAE
95,Passenger 95,55,Male,UAE
96,Passenger 96,45,Female,Japan
97,Passenger 97,78,Male,Australia
98,Passenger 98,23,Male,Australia
99,Passenger 99,29,Female,France
100,Passenger 100,76,Male,Australia
101,Passenger 101,50,Male,UK
102,Passenger 102,53,Female,UK
103,Passenger 103,25,Male,Germany
104,Passenger 104,71,Female,Australia
105,Passenger 105,31,Female,Australia
106,Passenger 106,78,Female,UAE
107,Passenger 107,43,Male,Japan
108,Passenger 108,59,Male,USA
109,Passenger 109,52,Male,Germany
110,Passenger 110,73,Female,France
111,Passenger 111,45,Male,UK
112,Passenger 112,22,Male,Australia
113,Passenger 113,53,Female,Japan
114,Passenger 114,29,Male,Australia
115,Passenger 115,65,Male,USA
116,Passenger 116,38,Male,Japan
117,Passenger 117,74,Female,France
118,Passenger 118,44,Female,USA
119,Passenger 119,55,Male,Germany
120,Passenger 120,56,Male,USA
121,Passenger 121,55,Male,Germany
122,Passenger 122,70,Female,UAE
123,Passenger 123,28,Female,UK
124,Passenger 124,24,Female,France
125,Passenger 125,61,Male,Germany
126,Passenger 126,56,Female,UK
127,Passenger 127,70,Male,Australia
128,Passenger 128,40,Male,UAE
129,Passenger 129,61,Female,Australia
130,Passenger 130,53,Female,Japan
131,Passenger 131,20,Female,UAE
132,Passenger 132,28,Female,USA
133,Passenger 133,70,Male,UK
134,Passenger 134,68,Male,USA
135,Passenger 135,21,Male,Japan
136,Passenger 136,62,Male,Japan
137,Passenger 137,22,Male,UK
138,Passenger 138,60,Female,France
139,Passenger 139,66,Female,USA
140,Passenger 140,55,Male,UAE
141,Passenger 141,66,Male,USA
142,Passenger 142,44,Male,Japan
143,Passenger 143,77,Female,USA
144,Passenger 144,46,Male,Japan
145,Passenger 145,19,Female,Australia
146,Passenger 146,30,Female,Germany
147,Passenger 147,45,Female,Japan
148,Passenger 148,43,Female,UK
149,Passenger 149,59,Female,UAE
150,Passenger 150,27,Female,Australia
151,Passenger 151,36,Female,USA
152,Passenger 152,74,Male,Australia
153,Passenger 153,72,Male,Japan
154,Passenger 154,35,Male,UK
155,Passenger 155,32,Male,UAE
156,Passenger 156,35,Male,UAE
157,Passenger 157,38,Male,Germany
158,Passenger 158,23,Female,Germany
159,Passenger 159,26,Female,Germany
160,Passenger 160,33,Male,France
161,Passenger 161,69,Female,USA
162,Passenger 162,56,Male,USA
163,Passenger 163,60,Male,Australia
164,Passenger 164,20,Female,USA
165,Passenger 165,63,Male,Japan
166,Passenger 166,40,Female,France
167,Passenger 167,48,Male,USA
168,Passenger 168,79,Male,France
169,Passenger 169,36,Female,Germany
170,Passenger 170,60,Male,UAE
171,Passenger 171,26,Male,UAE
172,Passenger 172,45,Male,France
173,Passenger 173,25,Female,France
174,Passenger 174,78,Male,USA
175,Passenger 175,73,Male,UAE
176,Passenger 176,24,Female,UAE
177,Passenger 177,39,Male,Australia
178,Passenger 178,41,Female,France
179,Passenger 179,51,Female,UAE
180,Passenger 180,57,Male,USA
181,Passenger 181,76,Female,UK
182,Passenger 182,20,Female,Germany
183,Passenger 183,26,Male,France
184,Passenger 184,31,Female,Japan
185,Passenger 185,37,Male,USA
186,Passenger 186,59,Male,Japan
187,Passenger 187,46,Male,Australia
188,Passenger 188,41,Male,USA
189,Passenger 189,41,Male,Japan
190,Passenger 190,28,Male,Japan
191,Passenger 191,61,Female,Germany
192,Passenger 192,54,Male,USA
193,Passenger 193,78,Female,Australia
194,Passenger 194,66,Male,Australia
195,Passenger 195,61,Male,Germany
196,Passenger 196,18,Male,Australia
197,Passenger 197,49,Female,Japan
198,Passenger 198,45,Female,Germany
199,Passenger 199,35,Male,Australia
200,Passenger 200,58,Female,Japan
201,Passenger 201,46,Male,USA
202,Passenger 202,47,Female,Australia
203,Passenger 203,32,Male,France
204,Passenger 204,33,Female,Japan
205,Passenger 205,29,Female,USA
206,Passenger 206,67,Male,Japan
207,Passenger 207,45,Male,Australia
208,Passenger 208,35,Female,USA
209,Passenger 209,49,Male,Japan
210,Passenger 210,55,Female,Japan
211,Passenger 211,34,Female,USA
212,Passenger 212,79,Male,France
213,Passenger 213,67,Male,UAE
214,Passenger 214,29,Male,Germany
215,Passenger 215,22,Male,UK
216,Passenger 216,51,Male,UAE
217,Passenger 217,21,Female,Japan
218,Passenger 218,46,Female,UK
219,Passenger 219,79,Male,UAE
220,Passenger 220,75,Male,Germany
221,Passenger 221,52,Male,Australia
222,Passenger 222,42,Male,USA
223,Passenger 223,62,Female,UAE
224,Passenger 224,18,Male,UAE
225,Passenger 225,25,Male,Germany
226,Passenger 226,74,Female,UK
227,Passenger 227,21,Male,USA
228,Passenger 228,52,Female,USA
229,Passenger 229,20,Male,USA
230,Passenger 230,70,Male,UAE
231,Passenger 231,47,Female,Germany
232,Passenger 232,46,Male,Germany
233,Passenger 233,55,Male,USA
234,Passenger 234,51,Male,Germany
235,Passenger 235,41,Female,France
236,Passenger 236,22,Male,France
237,Passenger 237,75,Female,UK
238,Passenger 238,37,Male,Australia
239,Passenger 239,40,Male,Australia
240,Passenger 240,48,Male,France
241,Passenger 241,44,Female,Germany
242,Passenger 242,39,Female,UAE
243,Passenger 243,80,Male,Australia
244,Passenger 244,65,Female,Japan
245,Passenger 245,34,Female,USA
246,Passenger 246,51,Female,Australia
247,Passenger 247,18,Female,UAE
248,Passenger 248,66,Male,Japan
249,Passenger 249,57,Male,UAE
250,Passenger 250,43,Female,Germany
251,Passenger 251,23,Female,Japan
252,Passenger 252,44,Male,USA
253,Passenger 253,51,Male,France
254,Passenger 254,20,Male,Australia
255,Passenger 255,62,Male,Australia
256,Passenger 256,32,Male,Japan
257,Passenger 257,75,Male,Japan
258,Passenger 258,75,Male,USA
259,Passenger 259,79,Female,Australia
260,Passenger 260,19,Male,Australia
261,Passenger 261,78,Male,UAE
262,Passenger 262,25,Female,UK
263,Passenger 263,75,Female,UAE
264,Passenger 264,22,Female,USA
265,Passenger 265,24,Male,UK
266,Passenger 266,75,Female,Australia
267,Passenger 267,46,Male,Japan
268,Passenger 268,31,Female,UK
269,Passenger 269,79,Female,Germany
270,Passenger 270,71,Female,UK
271,Passenger 271,36,Female,Australia
272,Passenger 272,73,Female,USA
273,Passenger 273,25,Male,UK
274,Passenger 274,46,Male,USA
275,Passenger 275,67,Female,UK
276,Passenger 276,28,Female,Australia
277,Passenger 277,60,Male,France
278,Passenger 278,69,Male,USA
279,Passenger 279,62,Male,UK
280,Passenger 280,56,Male,USA
281,Passenger 281,56,Female,UAE
282,Passenger 282,63,Female,France
283,Passenger 283,39,Male,France
284,Passenger 284,68,Female,USA
285,Passenger 285,34,Female,France
286,Passenger 286,71,Female,Australia
287,Passenger 287,26,Male,Germany
288,Passenger 288,34,Male,Australia
289,Passenger 289,66,Male,Germany
290,Passenger 290,63,Female,UK
291,Passenger 291,57,Male,UK
292,Passenger 292,31,Female,Australia
293,Passenger 293,54,Male,Australia
294,Passenger 294,27,Female,France
295,Passenger 295,33,Female,Japan
296,Passenger 296,64,Male,UK
297,Passenger 297,31,Male,USA
298,Passenger 298,26,Female,Japan
299,Passenger 299,50,Female,Germany
300,Passenger 300,54,Male,Australia
301,Passenger 301,71,Male,Australia
302,Passenger 302,69,Female,Japan
303,Passenger 303,70,Male,Germany
304,Passenger 304,34,Female,UAE
305,Passenger 305,29,Male,Japan
306,Passenger 306,58,Male,Japan
307,Passenger 307,30,Female,USA
308,Passenger 308,61,Male,UK
309,Passenger 309,34,Female,Japan
310,Passenger 310,57,Male,Australia
311,Passenger 311,72,Male,UAE
312,Passenger 312,58,Female,Japan
313,Passenger 313,33,Male,UK
314,Passenger 314,50,Female,Australia
315,Passenger 315,57,Male,UK
316,Passenger 316,46,Female,Japan
317,Passenger 317,45,Female,Australia
318,Passenger 318,69,Male,USA
319,Passenger 319,29,Male,Australia
320,Passenger 320,76,Female,UK
321,Passenger 321,27,Male,UK
322,Passenger 322,21,Male,Germany
323,Passenger 323,48,Female,USA
324,Passenger 324,63,Male,USA
325,Passenger 325,65,Male,Japan
326,Passenger 326,21,Female,UAE
327,Passenger 327,54,Male,Australia
328,Passenger 328,68,Female,Germany
329,Passenger 329,76,Female,Germany
330,Passenger 330,26,Female,USA
331,Passenger 331,69,Female,Australia
332,Passenger 332,27,Male,UK
333,Passenger 333,21,Female,Japan
334,Passenger 334,44,Male,Japan
335,Passenger 335,49,Male,USA
336,Passenger 336,22,Female,Japan
337,Passenger 337,51,Male,Japan
338,Passenger 338,75,Female,Australia
339,Passenger 339,72,Male,Australia
340,Passenger 340,80,Female,USA
341,Passenger 341,33,Female,USA
342,Passenger 342,33,Male,USA
343,Passenger 343,72,Male,Japan
344,Passenger 344,66,Male,UK
345,Passenger 345,78,Male,Germany
346,Passenger 346,66,Female,France
347,Passenger 347,32,Female,Germany
348,Passenger 348,23,Male,USA
349,Passenger 349,20,Male,UK
350,Passenger 350,80,Male,Australia
351,Passenger 351,39,Male,Australia
352,Passenger 352,30,Female,UK
353,Passenger 353,59,Female,Australia
354,Passenger 354,27,Male,USA
355,Passenger 355,59,Male,France
356,Passenger 356,75,Female,UAE
357,Passenger 357,69,Male,Germany
358,Passenger 358,54,Male,UAE
359,Passenger 359,36,Female,Japan
360,Passenger 360,37,Female,Australia
361,Passenger 361,22,Female,France
362,Passenger 362,76,Female,UK
363,Passenger 363,28,Female,UK
364,Passenger 364,22,Female,USA
365,Passenger 365,78,Male,UK
366,Passenger 366,46,Female,Japan
367,Passenger 367,43,Male,Germany
368,Passenger 368,55,Female,Germany
369,Passenger 369,46,Female,USA
370,Passenger 370,61,Female,France
371,Passenger 371,73,Female,Japan
372,Passenger 372,18,Female,USA
373,Passenger 373,37,Female,France
374,Passenger 374,62,Female,Germany
375,Passenger 375,62,Male,France
376,Passenger 376,49,Male,Australia
377,Passenger 377,27,Female,UAE
378,Passenger 378,30,Female,Australia
379,Passenger 379,18,Male,UAE
380,Passenger 380,26,Male,USA
381,Passenger 381,49,Female,Germany
382,Passenger 382,29,Male,UAE
383,Passenger 383,46,Female,UK
384,Passenger 384,80,Male,Australia
385,Passenger 385,30,Female,Germany
386,Passenger 386,68,Male,Australia
387,Passenger 387,69,Male,UK
388,Passenger 388,79,Female,UAE
389,Passenger 389,65,Male,Australia
390,Passenger 390,28,Female,UAE
391,Passenger 391,46,Female,USA
392,Passenger 392,43,Male,France
393,Passenger 393,59,Female,Australia
394,Passenger 394,28,Female,Germany
395,Passenger 395,57,Female,Germany
396,Passenger 396,64,Male,France
397,Passenger 397,20,Male,UK
398,Passenger 398,21,Male,Japan
399,Passenger 399,65,Female,UAE
400,Passenger 400,34,Female,UAE
401,Passenger 401,36,Male,France
402,Passenger 402,20,Male,Germany
403,Passenger 403,31,Male,Germany
404,Passenger 404,57,Male,USA
405,Passenger 405,23,Male,UK
406,Passenger 406,55,Female,Germany
407,Passenger 407,27,Female,UK
408,Passenger 408,59,Male,UAE
409,Passenger 409,27,Male,Australia
410,Passenger 410,34,Male,UAE
411,Passenger 411,46,Male,Japan
412,Passenger 412,68,Male,Australia
413,Passenger 413,68,Female,Japan
414,Passenger 414,22,Male,UAE
415,Passenger 415,80,Male,Australia
416,Passenger 416,32,Female,Germany
417,Passenger 417,36,Male,UAE
418,Passenger 418,20,Male,Australia
419,Passenger 419,23,Male,Australia
420,Passenger 420,51,Female,Japan
421,Passenger 421,34,Female,France
422,Passenger 422,50,Male,USA
423,Passenger 423,66,Female,UAE
424,Passenger 424,72,Female,UAE
425,Passenger 425,31,Female,UAE
426,Passenger 426,50,Female,UK
427,Passenger 427,52,Female,Japan
428,Passenger 428,56,Male,UK
429,Passenger 429,66,Female,Australia
430,Passenger 430,51,Female,Australia
431,Passenger 431,55,Male,UAE
432,Passenger 432,67,Female,France
433,Passenger 433,48,Female,Japan
434,Passenger 434,50,Male,Germany
435,Passenger 435,43,Male,Germany
436,Passenger 436,19,Female,UAE
437,Passenger 437,67,Male,UK
438,Passenger 438,57,Male,France
439,Passenger 439,59,Male,Germany
440,Passenger 440,63,Female,Australia
441,Passenger 441,34,Male,Japan
442,Passenger 442,60,Male,France
443,Passenger 443,73,Male,USA
444,Passenger 444,23,Female,Germany
445,Passenger 445,71,Male,France
446,Passenger 446,39,Male,France
447,Passenger 447,72,Female,USA
448,Passenger 448,44,Female,Germany
449,Passenger 449,68,Female,UAE
450,Passenger 450,27,Female,Japan
451,Passenger 451,30,Male,UK
452,Passenger 452,61,Male,UK
453,Passenger 453,73,Male,UAE
454,Passenger 454,19,Male,France
455,Passenger 455,35,Female,Japan
456,Passenger 456,28,Male,Japan
457,Passenger 457,64,Female,France
458,Passenger 458,77,Male,Japan
459,Passenger 459,48,Female,UAE
460,Passenger 460,18,Female,UAE
461,Passenger 461,55,Male,Australia
462,Passenger 462,26,Male,UK
463,Passenger 463,70,Male,USA
464,Passenger 464,43,Female,Germany
465,Passenger 465,80,Male,Germany
466,Passenger 466,32,Female,UK
467,Passenger 467,58,Male,Germany
468,Passenger 468,56,Male,USA
469,Passenger 469,72,Female,Australia
470,Passenger 470,45,Female,UK
471,Passenger 471,46,Male,Australia
472,Passenger 472,50,Female,France
473,Passenger 473,64,Male,UAE
474,Passenger 474,47,Female,USA
475,Passenger 475,24,Male,USA
476,Passenger 476,47,Male,Australia
477,Passenger 477,60,Female,UAE
478,Passenger 478,25,Female,Japan
479,Passenger 479,27,Female,USA
480,Passenger 480,75,Male,USA
481,Passenger 481,43,Female,Australia
482,Passenger 482,24,Female,UK
483,Passenger 483,34,Male,UAE
484,Passenger 484,25,Male,Japan
485,Passenger 485,72,Female,France
486,Passenger 486,64,Male,Australia
487,Passenger 487,78,Male,Australia
488,Passenger 488,22,Male,UK
489,Passenger 489,78,Male,Australia
490,Passenger 490,65,Male,UAE
491,Passenger 491,57,Female,UK
492,Passenger 492,77,Female,Australia
493,Passenger 493,69,Female,Australia
494,Passenger 494,76,Male,Germany
495,Passenger 495,78,Male,UK
496,Passenger 496,22,Female,UAE
497,Passenger 497,77,Male,UAE
498,Passenger 498,47,Female,UK
499,Passenger 499,47,Female,USA
500,Passenger 500,79,Female,Germany
501,Passenger 501,37,Male,France
502,Passenger 502,64,Female,Japan
503,Passenger 503,53,Female,UAE
504,Passenger 504,23,Female,USA
505,Passenger 505,20,Male,UK
506,Passenger 506,68,Male,Japan
507,Passenger 507,74,Male,Japan
508,Passenger 508,55,Male,UK
509,Passenger 509,74,Female,Australia
510,Passenger 510,61,Female,Australia
511,Passenger 511,69,Male,France
512,Passenger 512,51,Male,Germany
513,Passenger 513,31,Female,Australia
514,Passenger 514,69,Female,UK
515,Passenger 515,32,Male,France
516,Passenger 516,39,Female,Australia
517,Passenger 517,71,Female,Japan
518,Passenger 518,67,Female,USA
519,Passenger 519,43,Female,Germany
520,Passenger 520,37,Female,Australia
521,Passenger 521,58,Female,UK
522,Passenger 522,69,Female,UK
523,Passenger 523,37,Male,UAE
524,Passenger 524,60,Female,UAE
525,Passenger 525,58,Female,USA
526,Passenger 526,45,Female,USA
527,Passenger 527,44,Female,Australia
528,Passenger 528,23,Male,UK
529,Passenger 529,21,Male,UK
530,Passenger 530,59,Male,UAE
531,Passenger 531,55,Male,Germany
532,Passenger 532,23,Female,Japan
533,Passenger 533,61,Female,UK
534,Passenger 534,38,Male,France
535,Passenger 535,45,Male,UAE
536,Passenger 536,43,Female,UAE
537,Passenger 537,71,Female,USA
538,Passenger 538,66,Female,Australia
539,Passenger 539,30,Female,Germany
540,Passenger 540,78,Female,Japan
541,Passenger 541,27,Male,USA
542,Passenger 542,74,Female,Australia
543,Passenger 543,36,Female,USA
544,Passenger 544,19,Female,Australia
545,Passenger 545,77,Female,Germany
546,Passenger 546,47,Female,Japan
547,Passenger 547,79,Male,UAE
548,Passenger 548,33,Female,France
549,Passenger 549,18,Male,UK
550,Passenger 550,33,Female,USA
551,Passenger 551,67,Male,Japan
552,Passenger 552,50,Female,USA
553,Passenger 553,53,Female,Japan
554,Passenger 554,74,Female,Germany
555,Passenger 555,60,Male,France
556,Passenger 556,34,Male,France
557,Passenger 557,39,Male,Australia
558,Passenger 558,18,Male,USA
559,Passenger 559,53,Female,Japan
560,Passenger 560,65,Female,UK
561,Passenger 561,27,Male,USA
562,Passenger 562,47,Female,France
563,Passenger 563,20,Male,France
564,Passenger 564,69,Male,France
565,Passenger 565,54,Male,Japan
566,Passenger 566,28,Female,Japan
567,Passenger 567,31,Female,France
568,Passenger 568,55,Male,France
569,Passenger 569,62,Male,Australia
570,Passenger 570,78,Female,USA
571,Passenger 571,56,Female,USA
572,Passenger 572,47,Male,UAE
573,Passenger 573,18,Male,USA
574,Passenger 574,29,Female,UAE
575,Passenger 575,78,Female,UAE
576,Passenger 576,52,Male,Germany
577,Passenger 577,66,Male,Japan
578,Passenger 578,50,Female,Germany
579,Passenger 579,34,Male,USA
580,Passenger 580,18,Female,UK
581,Passenger 581,75,Male,Australia
582,Passenger 582,26,Female,USA
583,Passenger 583,32,Male,UK
584,Passenger 584,57,Male,Japan
585,Passenger 585,66,Female,Germany
586,Passenger 586,42,Male,France
587,Passenger 587,36,Male,UAE
588,Passenger 588,26,Female,USA
589,Passenger 589,51,Male,France
590,Passenger 590,27,Male,Japan
591,Passenger 591,58,Male,Australia
592,Passenger 592,72,Male,Australia
593,Passenger 593,38,Female,France
594,Passenger 594,28,Male,Japan
595,Passenger 595,57,Male,Germany
596,Passenger 596,43,Male,France
597,Passenger 597,63,Female,Australia
598,Passenger 598,61,Female,Germany
599,Passenger 599,20,Female,Australia
600,Passenger 600,72,Female,Australia
601,Passenger 601,21,Male,USA
602,Passenger 602,19,Male,USA
603,Passenger 603,57,Female,Germany
604,Passenger 604,52,Female,USA
605,Passenger 605,62,Male,Japan
606,Passenger 606,38,Male,UAE
607,Passenger 607,20,Male,Japan
608,Passenger 608,54,Female,UK
609,Passenger 609,71,Male,Germany
610,Passenger 610,22,Male,USA
611,Passenger 611,76,Female,Australia
612,Passenger 612,65,Female,Germany
613,Passenger 613,78,Female,Germany
614,Passenger 614,46,Female,Japan
615,Passenger 615,36,Female,Australia
616,Passenger 616,75,Female,UK
617,Passenger 617,33,Female,Japan
618,Passenger 618,39,Male,UK
619,Passenger 619,77,Male,Australia
620,Passenger 620,53,Male,UAE
621,Passenger 621,53,Male,Germany
622,Passenger 622,21,Female,France
623,Passenger 623,59,Female,Germany
624,Passenger 624,56,Female,UAE
625,Passenger 625,79,Male,USA
626,Passenger 626,43,Female,France
627,Passenger 627,62,Male,Germany
628,Passenger 628,52,Male,France
629,Passenger 629,46,Male,USA
630,Passenger 630,19,Female,Germany
631,Passenger 631,47,Female,France
632,Passenger 632,34,Male,Japan
633,Passenger 633,25,Female,UK
634,Passenger 634,29,Female,Australia
635,Passenger 635,71,Female,USA
636,Passenger 636,76,Male,UAE
637,Passenger 637,32,Male,Japan
638,Passenger 638,20,Female,UK
639,Passenger 639,72,Male,Australia
640,Passenger 640,68,Male,Japan
641,Passenger 641,22,Female,Japan
642,Passenger 642,34,Male,Australia
643,Passenger 643,67,Male,UK
644,Passenger 644,20,Female,UK
645,Passenger 645,47,Male,Japan
646,Passenger 646,24,Female,Japan
647,Passenger 647,64,Female,UAE
648,Passenger 648,32,Male,Germany
649,Passenger 649,45,Female,Germany
650,Passenger 650,68,Male,Japan
651,Passenger 651,43,Male,Australia
652,Passenger 652,40,Male,UAE
653,Passenger 653,62,Male,Japan
654,Passenger 654,19,Male,France
655,Passenger 655,48,Female,Japan
656,Passenger 656,61,Female,USA
657,Passenger 657,29,Female,Japan
658,Passenger 658,32,Male,Australia
659,Passenger 659,44,Male,USA
660,Passenger 660,74,Male,Germany
661,Passenger 661,47,Female,Japan
662,Passenger 662,39,Male,Germany
663,Passenger 663,63,Female,UAE
664,Passenger 664,73,Male,USA
665,Passenger 665,52,Male,UAE
666,Passenger 666,18,Female,Japan
667,Passenger 667,64,Male,Germany
668,Passenger 668,76,Female,Australia
669,Passenger 669,49,Female,Germany
670,Passenger 670,58,Male,UK
671,Passenger 671,63,Female,Australia
672,Passenger 672,24,Male,USA
673,Passenger 673,54,Female,Germany
674,Passenger 674,79,Female,Japan
675,Passenger 675,32,Male,Australia
676,Passenger 676,57,Male,USA
677,Passenger 677,78,Female,UK
678,Passenger 678,69,Male,France
679,Passenger 679,44,Female,UK
680,Passenger 680,69,Female,UK
681,Passenger 681,45,Male,Australia
682,Passenger 682,65,Female,Australia
683,Passenger 683,46,Male,Japan
684,Passenger 684,56,Female,UAE
685,Passenger 685,80,Female,Australia
686,Passenger 686,24,Male,Australia
687,Passenger 687,22,Female,UK
688,Passenger 688,74,Male,Japan
689,Passenger 689,21,Male,Germany
690,Passenger 690,46,Male,Germany
691,Passenger 691,38,Female,USA
692,Passenger 692,71,Female,Australia
693,Passenger 693,77,Male,UAE
694,Passenger 694,60,Female,France
695,Passenger 695,46,Female,Japan
696,Passenger 696,66,Male,France
697,Passenger 697,60,Male,Germany
698,Passenger 698,68,Female,Germany
699,Passenger 699,60,Female,UK
700,Passenger 700,68,Female,UK
701,Passenger 701,21,Male,France
702,Passenger 702,53,Female,France
703,Passenger 703,64,Female,France
704,Passenger 704,73,Male,France
705,Passenger 705,80,Female,USA
706,Passenger 706,75,Female,Australia
707,Passenger 707,44,Female,Germany
708,Passenger 708,24,Female,France
709,Passenger 709,78,Female,France
710,Passenger 710,65,Female,USA
711,Passenger 711,38,Female,France
712,Passenger 712,51,Male,Australia
713,Passenger 713,18,Female,UAE
714,Passenger 714,22,Female,Japan
715,Passenger 715,50,Male,UK
716,Passenger 716,44,Female,UK
717,Passenger 717,37,Female,Germany
718,Passenger 718,19,Female,UAE
719,Passenger 719,34,Female,USA
720,Passenger 720,39,Male,Australia
721,Passenger 721,33,Female,Japan
722,Passenger 722,41,Male,France
723,Passenger 723,73,Female,Australia
724,Passenger 724,29,Female,UK
725,Passenger 725,24,Male,UK
726,Passenger 726,53,Male,UK
727,Passenger 727,21,Male,Australia
728,Passenger 728,59,Male,Germany
729,Passenger 729,57,Female,UK
730,Passenger 730,43,Male,UAE
731,Passenger 731,34,Male,Germany
732,Passenger 732,68,Male,France
733,Passenger 733,22,Male,UAE
734,Passenger 734,23,Female,France
735,Passenger 735,27,Male,Germany
736,Passenger 736,52,Female,UK
737,Passenger 737,67,Female,Germany
738,Passenger 738,50,Male,Germany
739,Passenger 739,40,Female,UK
740,Passenger 740,67,Male,France
741,Passenger 741,58,Female,Japan
742,Passenger 742,26,Male,Japan
743,Passenger 743,34,Female,France
744,Passenger 744,29,Female,France
745,Passenger 745,60,Male,UK
746,Passenger 746,20,Female,Japan
747,Passenger 747,32,Male,UK
748,Passenger 748,57,Female,France
749,Passenger 749,21,Female,France
750,Passenger 750,62,Female,Australia
751,Passenger 751,20,Male,UK
752,Passenger 752,59,Male,France
753,Passenger 753,63,Female,Germany
754,Passenger 754,30,Female,USA
755,Passenger 755,56,Male,Japan
756,Passenger 756,25,Male,France
757,Passenger 757,65,Male,Germany
758,Passenger 758,64,Female,Australia
759,Passenger 759,18,Male,Japan
760,Passenger 760,66,Female,Australia
761,Passenger 761,53,Male,USA
762,Passenger 762,32,Female,USA
763,Passenger 763,43,Female,Japan
764,Passenger 764,52,Male,Germany
765,Passenger 765,63,Female,Australia
766,Passenger 766,75,Female,France
767,Passenger 767,31,Male,Germany
768,Passenger 768,28,Male,Germany
769,Passenger 769,57,Male,Japan
770,Passenger 770,77,Male,UAE
771,Passenger 771,78,Female,Japan
772,Passenger 772,47,Male,USA
773,Passenger 773,53,Male,USA
774,Passenger 774,33,Male,UK
775,Passenger 775,55,Male,Australia
776,Passenger 776,72,Male,Japan
777,Passenger 777,47,Male,Germany
778,Passenger 778,80,Male,France
779,Passenger 779,58,Female,UAE
780,Passenger 780,53,Male,UK
781,Passenger 781,22,Male,UK
782,Passenger 782,20,Male,Australia
783,Passenger 783,30,Female,Germany
784,Passenger 784,79,Female,Australia
785,Passenger 785,59,Male,Australia
786,Passenger 786,49,Male,USA
787,Passenger 787,70,Male,UK
788,Passenger 788,47,Male,USA
789,Passenger 789,80,Female,UAE
790,Passenger 790,46,Female,Japan
791,Passenger 791,72,Female,Germany
792,Passenger 792,42,Female,USA
793,Passenger 793,51,Female,USA
794,Passenger 794,63,Male,Australia
795,Passenger 795,77,Male,Germany
796,Passenger 796,55,Male,Germany
797,Passenger 797,26,Female,France
798,Passenger 798,40,Male,UAE
799,Passenger 799,42,Male,UAE
800,Passenger 800,30,Female,UAE
801,Passenger 801,38,Female,Australia
802,Passenger 802,29,Male,France
803,Passenger 803,38,Male,USA
804,Passenger 804,59,Male,Germany
805,Passenger 805,29,Female,UAE
806,Passenger 806,68,Female,France
807,Passenger 807,24,Male,Japan
808,Passenger 808,24,Female,Germany
809,Passenger 809,44,Male,France
810,Passenger 810,79,Female,Australia
811,Passenger 811,65,Female,UK
812,Passenger 812,36,Female,Japan
813,Passenger 813,68,Female,Australia
814,Passenger 814,71,Male,France
815,Passenger 815,75,Male,France
816,Passenger 816,45,Male,Germany
817,Passenger 817,31,Female,USA
818,Passenger 818,53,Male,Australia
819,Passenger 819,75,Male,France
820,Passenger 820,52,Male,Germany
821,Passenger 821,63,Male,USA
822,Passenger 822,36,Female,Japan
823,Passenger 823,76,Male,Australia
824,Passenger 824,26,Female,Germany
825,Passenger 825,63,Female,Australia
826,Passenger 826,66,Male,France
827,Passenger 827,78,Male,USA
828,Passenger 828,70,Female,UAE
829,Passenger 829,54,Female,UAE
830,Passenger 830,27,Female,UAE
831,Passenger 831,26,Female,UAE
832,Passenger 832,27,Male,UAE
833,Passenger 833,51,Female,UK
834,Passenger 834,22,Female,UAE
835,Passenger 835,67,Female,Japan
836,Passenger 836,68,Male,USA
837,Passenger 837,21,Male,Australia
838,Passenger 838,53,Female,UK
839,Passenger 839,27,Male,USA
840,Passenger 840,79,Male,Japan
841,Passenger 841,67,Female,USA
842,Passenger 842,52,Female,France
843,Passenger 843,64,Female,Germany
844,Passenger 844,71,Female,Germany
845,Passenger 845,61,Female,Australia
846,Passenger 846,29,Male,Germany
847,Passenger 847,32,Female,France
848,Passenger 848,70,Male,Japan
849,Passenger 849,38,Male,UK
850,Passenger 850,70,Female,UK
851,Passenger 851,42,Male,USA
852,Passenger 852,47,Male,UK
853,Passenger 853,71,Male,Australia
854,Passenger 854,54,Female,UAE
855,Passenger 855,57,Male,Australia
856,Passenger 856,63,Male,Australia
857,Passenger 857,68,Male,France
858,Passenger 858,56,Male,France
859,Passenger 859,26,Male,USA
860,Passenger 860,71,Male,France
861,Passenger 861,74,Female,Germany
862,Passenger 862,58,Female,UK
863,Passenger 863,18,Female,France
864,Passenger 864,58,Female,Australia
865,Passenger 865,50,Female,Japan
866,Passenger 866,21,Male,Japan
867,Passenger 867,21,Male,USA
868,Passenger 868,75,Male,Australia
869,Passenger 869,31,Female,USA
870,Passenger 870,71,Male,USA
871,Passenger 871,68,Female,UAE
872,Passenger 872,51,Female,Japan
873,Passenger 873,51,Female,USA
874,Passenger 874,27,Male,Japan
875,Passenger 875,50,Male,UK
876,Passenger 876,31,Female,UK
877,Passenger 877,40,Female,Japan
878,Passenger 878,49,Female,Australia
879,Passenger 879,40,Female,Australia
880,Passenger 880,43,Male,Australia
881,Passenger 881,20,Male,Australia
882,Passenger 882,21,Male,Australia
883,Passenger 883,63,Female,USA
884,Passenger 884,60,Male,UAE
885,Passenger 885,65,Male,UK
886,Passenger 886,42,Female,Japan
887,Passenger 887,72,Male,France
888,Passenger 888,39,Female,France
889,Passenger 889,50,Female,UK
890,Passenger 890,25,Male,Australia
891,Passenger 891,42,Male,France
892,Passenger 892,56,Female,Germany
893,Passenger 893,28,Male,UK
894,Passenger 894,53,Male,Japan
895,Passenger 895,26,Male,USA
896,Passenger 896,62,Male,UK
897,Passenger 897,43,Female,UAE
898,Passenger 898,64,Female,USA
899,Passenger 899,39,Female,Japan
900,Passenger 900,65,Male,USA
901,Passenger 901,79,Male,UAE
902,Passenger 902,50,Male,Japan
903,Passenger 903,19,Male,Australia
904,Passenger 904,46,Male,Australia
905,Passenger 905,78,Female,Australia
906,Passenger 906,48,Male,UK
907,Passenger 907,40,Female,Japan
908,Passenger 908,42,Female,Japan
909,Passenger 909,52,Female,Germany
910,Passenger 910,54,Male,Germany
911,Passenger 911,59,Female,UAE
912,Passenger 912,32,Female,France
913,Passenger 913,22,Male,USA
914,Passenger 914,55,Female,USA
915,Passenger 915,79,Male,Australia
916,Passenger 916,38,Male,UK
917,Passenger 917,72,Male,UAE
918,Passenger 918,58,Female,Australia
919,Passenger 919,50,Male,USA
920,Passenger 920,39,Female,UAE
921,Passenger 921,47,Male,Germany
922,Passenger 922,54,Male,USA
923,Passenger 923,25,Male,Japan
924,Passenger 924,54,Female,UK
925,Passenger 925,48,Male,UAE
926,Passenger 926,29,Female,Japan
927,Passenger 927,57,Female,Germany
928,Passenger 928,56,Female,UAE
929,Passenger 929,74,Male,USA
930,Passenger 930,67,Male,USA
931,Passenger 931,42,Male,France
932,Passenger 932,78,Male,Australia
933,Passenger 933,21,Female,France
934,Passenger 934,57,Male,UK
935,Passenger 935,55,Female,UK
936,Passenger 936,43,Male,USA
937,Passenger 937,52,Male,UAE
938,Passenger 938,61,Female,Australia
939,Passenger 939,43,Male,USA
940,Passenger 940,37,Male,UAE
941,Passenger 941,45,Male,Japan
942,Passenger 942,22,Male,France
943,Passenger 943,39,Female,UK
944,Passenger 944,47,Female,UAE
945,Passenger 945,47,Female,UK
946,Passenger 946,76,Female,Australia
947,Passenger 947,53,Female,Australia
948,Passenger 948,20,Female,Australia
949,Passenger 949,37,Female,UK
950,Passenger 950,62,Female,Australia
951,Passenger 951,27,Male,Australia
952,Passenger 952,55,Female,UK
953,Passenger 953,65,Female,Japan
954,Passenger 954,54,Female,UK
955,Passenger 955,38,Male,UAE
956,Passenger 956,18,Female,Japan
957,Passenger 957,50,Male,Japan
958,Passenger 958,63,Male,Germany
959,Passenger 959,35,Male,UK
960,Passenger 960,59,Male,Japan
961,Passenger 961,22,Male,Australia
962,Passenger 962,47,Male,Australia
963,Passenger 963,48,Female,Japan
964,Passenger 964,40,Male,UAE
965,Passenger 965,69,Male,Australia
966,Passenger 966,28,Female,Germany
967,Passenger 967,80,Female,France
968,Passenger 968,44,Male,UAE
969,Passenger 969,29,Female,Australia
970,Passenger 970,48,Female,UK
971,Passenger 971,21,Female,Japan
972,Passenger 972,37,Male,Germany
973,Passenger 973,67,Male,USA
974,Passenger 974,58,Female,UAE
975,Passenger 975,21,Male,Australia
976,Passenger 976,28,Female,UK
977,Passenger 977,47,Male,Australia
978,Passenger 978,38,Male,UAE
979,Passenger 979,23,Male,USA
980,Passenger 980,59,Male,Japan
981,Passenger 981,78,Male,USA
982,Passenger 982,72,Female,Germany
983,Passenger 983,76,Male,Australia
984,Passenger 984,18,Female,UK
985,Passenger 985,38,Female,Japan
986,Passenger 986,37,Female,Japan
987,Passenger 987,45,Female,UAE
988,Passenger 988,48,Female,France
989,Passenger 989,37,Female,Germany
990,Passenger 990,35,Female,UAE
991,Passenger 991,53,Male,Germany
992,Passenger 992,32,Male,Australia
993,Passenger 993,35,Male,USA
994,Passenger 994,65,Female,Australia
995,Passenger 995,50,Male,UK
996,Passenger 996,43,Male,UK
997,Passenger 997,65,Male,Australia
998,Passenger 998,48,Female,Australia
999,Passenger 999,36,Female,USA
1000,Passenger 1000,21,Male,UAE
